HJD,UT Date,Camera,FWHM,Limit,mag,mag_err,flux(mJy),flux_err,Filter
2461036.76103,2025-12-27.2614355,bE,1.46,17.063,>17.063,99.990,-0.022,0.109,g
2461036.76194,2025-12-27.2623509,bE,1.47,17.207,>17.207,99.990,-0.176,0.095,g
2461036.76284,2025-12-27.2632589,bE,1.51,17.321,>17.321,99.990,-0.043,0.086,g
2461037.69712,2025-12-28.1975432,bE,1.63,17.180,>17.180,99.990,-0.025,0.098,g
2461037.69801,2025-12-28.1984434,bE,1.58,17.120,>17.120,99.990,-0.059,0.103,g
2461037.69892,2025-12-28.1993434,bE,1.65,17.109,>17.109,99.990,-0.238,0.104,g
2461037.77765,2025-12-28.2780706,bF,2.24,99.990,99.990,99.990,99.990,99.990,g
2461037.77856,2025-12-28.2789804,bF,2.19,99.990,99.990,99.990,99.990,99.990,g
2461037.77945,2025-12-28.2798820,bF,2.22,99.990,99.990,99.990,99.990,99.990,g
2461037.84991,2025-12-28.3503326,bF,2.37,99.990,99.990,99.990,99.990,99.990,g
2461037.85082,2025-12-28.35125,bF,2.33,16.880,>16.880,99.990,-0.320,0.128,g
2461037.85173,2025-12-28.3521542,bF,2.35,16.825,>16.825,99.990,-0.450,0.135,g
2461038.43659,2025-12-28.9370207,bn,1.62,16.945,>16.945,99.990,0.062,0.121,g
2461038.43877,2025-12-28.9391979,bn,1.59,16.947,>16.947,99.990,0.070,0.121,g
2461038.60532,2025-12-29.1057572,bF,2.09,99.990,99.990,99.990,99.990,99.990,g
2461038.60622,2025-12-29.1066553,bF,2.07,99.990,99.990,99.990,99.990,99.990,g
2461038.60714,2025-12-29.1075744,bF,2.06,99.990,99.990,99.990,99.990,99.990,g
2461038.68900,2025-12-29.1894350,bE,1.49,17.037,>17.037,99.990,0.071,0.111,g
2461038.68991,2025-12-29.1903550,bE,1.49,16.991,>16.991,99.990,-0.106,0.116,g
2461038.69084,2025-12-29.1912857,bE,1.5,17.051,>17.051,99.990,-0.251,0.110,g
2461038.75240,2025-12-29.2528440,bj,1.99,17.419,>17.419,99.990,0.041,0.078,g
2461038.75329,2025-12-29.2537320,bj,1.79,17.371,>17.371,99.990,-0.176,0.082,g
2461038.75419,2025-12-29.2546267,bj,1.67,17.172,>17.172,99.990,-0.033,0.098,g
2461039.32398,2025-12-29.8244295,bn,2.45,16.108,>16.108,99.990,0.157,0.262,g
2461039.38756,2025-12-29.8880120,bn,1.51,99.990,99.990,99.990,99.990,99.990,g
2461039.38880,2025-12-29.8892471,bn,1.48,16.605,>16.605,99.990,0.166,0.166,g
2461039.39002,2025-12-29.8904723,bn,1.41,16.652,>16.652,99.990,-0.365,0.159,g
2461039.51573,2025-12-30.0161807,bn,1.5,17.201,>17.201,99.990,-0.166,0.096,g
2461039.51697,2025-12-30.0174283,bn,1.58,99.990,99.990,99.990,99.990,99.990,g
2461039.51821,2025-12-30.0186584,bn,1.52,17.213,>17.213,99.990,0.125,0.095,g
2461039.53039,2025-12-30.0308418,bi,2.07,15.862,>15.862,99.990,0.617,0.328,g
2461039.53128,2025-12-30.0317217,bi,2.14,15.876,>15.876,99.990,1.147,0.324,g
2461039.53216,2025-12-30.0326142,bi,2.09,16.012,>16.012,99.990,-0.168,0.286,g
2461039.64437,2025-12-30.1448234,bF,2.13,99.990,99.990,99.990,99.990,99.990,g
2461039.64529,2025-12-30.1457373,bF,2.11,99.990,99.990,99.990,99.990,99.990,g
2461039.64619,2025-12-30.1466439,bF,2.1,99.990,99.990,99.990,99.990,99.990,g
2461039.65170,2025-12-30.1521525,bi,1.42,16.815,>16.815,99.990,-0.048,0.137,g
2461039.65260,2025-12-30.1530452,bi,1.44,16.828,>16.828,99.990,0.071,0.135,g
2461039.65349,2025-12-30.1539401,bi,1.42,16.731,>16.731,99.990,-0.089,0.147,g
2461039.72547,2025-12-30.2259158,bi,1.59,16.948,>16.948,99.990,-0.036,0.121,g
2461039.72635,2025-12-30.2268005,bi,1.58,16.960,>16.960,99.990,-0.088,0.119,g
2461039.72725,2025-12-30.2276981,bi,1.6,16.855,>16.855,99.990,-0.104,0.132,g
2461039.79537,2025-12-30.2958178,bE,1.44,17.341,>17.341,99.990,-0.040,0.084,g
2461039.79627,2025-12-30.2967218,bE,1.47,17.318,>17.318,99.990,-0.147,0.086,g
2461040.45332,2025-12-30.9537819,bm,1.49,15.963,>15.963,99.990,0.030,0.299,g
2461040.45455,2025-12-30.9550166,bm,1.47,15.969,>15.969,99.990,0.054,0.298,g
2461040.45579,2025-12-30.9562527,bm,1.44,15.956,>15.956,99.990,0.191,0.301,g
2461040.47970,2025-12-30.9801611,bn,1.59,16.366,>16.366,99.990,-0.509,0.206,g
2461040.48092,2025-12-30.9813877,bn,1.62,16.422,>16.422,99.990,0.006,0.196,g
2461040.48220,2025-12-30.9826540,bn,1.55,16.414,>16.414,99.990,0.269,0.197,g
2461040.64718,2025-12-31.1476421,bE,1.5,16.726,>16.726,99.990,-0.125,0.148,g
2461040.64808,2025-12-31.1485518,bE,1.51,16.685,>16.685,99.990,-0.124,0.154,g
2461040.64901,2025-12-31.1494673,bE,1.51,16.516,>16.516,99.990,-0.128,0.180,g
2461040.66208,2025-12-31.1625373,bj,1.62,16.489,>16.489,99.990,-0.081,0.184,g
2461040.66296,2025-12-31.1634207,bj,1.79,16.675,>16.675,99.990,-0.294,0.155,g
2461040.66384,2025-12-31.1643005,bj,1.69,16.666,>16.666,99.990,-0.366,0.156,g
2461040.74499,2025-12-31.2454554,bF,2.29,99.990,99.990,99.990,99.990,99.990,g
2461040.74589,2025-12-31.2463546,bF,2.28,99.990,99.990,99.990,99.990,99.990,g
2461040.74679,2025-12-31.2472609,bF,2.25,99.990,99.990,99.990,99.990,99.990,g
2461041.53609,2026-01-01.0365665,bi,1.57,16.081,>16.081,99.990,0.052,0.268,g
2461041.53698,2026-01-01.0374523,bi,1.57,16.177,>16.177,99.990,0.265,0.246,g
2461041.53787,2026-01-01.0383471,bi,2.14,16.144,>16.144,99.990,-0.199,0.253,g
2461041.68477,2026-01-01.1852459,bi,1.41,16.419,>16.419,99.990,0.032,0.197,g
2461041.68567,2026-01-01.1861405,bi,1.44,16.465,>16.465,99.990,-0.092,0.188,g
2461041.68652,2026-01-01.1870019,bi,1.5,16.271,>16.271,99.990,0.157,0.225,g
2461041.77495,2026-01-01.2754260,bj,1.65,16.495,>16.495,99.990,0.173,0.183,g
2461041.77583,2026-01-01.2763093,bj,1.64,99.990,99.990,99.990,99.990,99.990,g
2461041.77671,2026-01-01.2771870,bj,1.68,16.495,>16.495,99.990,-0.157,0.183,g
2461042.68920,2026-01-02.1896826,bE,1.49,16.273,>16.273,99.990,0.178,0.225,g
2461042.69010,2026-01-02.1905947,bE,1.49,16.277,>16.277,99.990,0.073,0.224,g
2461042.69102,2026-01-02.1915054,bE,1.48,16.381,>16.381,99.990,-0.598,0.204,g
2461042.74240,2026-01-02.2428850,bi,1.38,16.351,>16.351,99.990,-0.239,0.209,g
2461042.74327,2026-01-02.2437534,bi,1.42,16.141,>16.141,99.990,-0.230,0.254,g
2461042.74414,2026-01-02.2446289,bi,1.48,16.344,>16.344,99.990,-0.255,0.211,g
2461042.77592,2026-01-02.2764099,bF,2.31,99.990,99.990,99.990,99.990,99.990,g
2461042.77682,2026-01-02.2773040,bF,2.31,99.990,99.990,99.990,99.990,99.990,g
2461042.77774,2026-01-02.2782254,bF,2.26,99.990,99.990,99.990,99.990,99.990,g
2461043.57013,2026-01-03.0706309,bE,1.46,99.990,99.990,99.990,99.990,99.990,g
2461043.57104,2026-01-03.0715381,bE,1.47,16.290,>16.290,99.990,0.127,0.221,g
2461043.57195,2026-01-03.0724454,bE,1.52,16.164,>16.164,99.990,0.257,0.249,g
2461043.60785,2026-01-03.1083449,bj,2.09,16.028,>16.028,99.990,0.323,0.282,g
2461043.60873,2026-01-03.1092273,bj,2.17,99.990,99.990,99.990,99.990,99.990,g
2461043.60963,2026-01-03.1101224,bj,2.11,99.990,99.990,99.990,99.990,99.990,g
2461043.74060,2026-01-03.2411006,bE,1.45,15.968,>15.968,99.990,0.079,0.298,g
2461043.74151,2026-01-03.2420177,bE,1.51,15.956,>15.956,99.990,-0.480,0.301,g
2461043.74242,2026-01-03.2429240,bE,1.5,16.043,>16.043,99.990,0.130,0.278,g
2461044.53954,2026-01-04.0400594,bF,2.12,16.493,>16.493,99.990,0.030,0.184,g
2461044.54045,2026-01-04.0409695,bF,2.13,16.299,>16.299,99.990,0.156,0.219,g
2461044.54138,2026-01-04.0418923,bF,2.11,16.416,>16.416,99.990,-0.185,0.197,g
2461044.60667,2026-01-04.1071811,bE,1.46,16.478,>16.478,99.990,-0.230,0.186,g
2461044.60757,2026-01-04.1080863,bE,1.48,16.330,>16.330,99.990,-0.087,0.213,g
2461044.60847,2026-01-04.1089855,bE,1.47,16.330,>16.330,99.990,-0.366,0.213,g
2461044.68922,2026-01-04.1897357,bF,2.23,99.990,99.990,99.990,99.990,99.990,g
2461044.69012,2026-01-04.1906373,bF,2.22,99.990,99.990,99.990,99.990,99.990,g
2461044.69104,2026-01-04.1915494,bF,2.25,99.990,99.990,99.990,99.990,99.990,g
2461044.76478,2026-01-04.2652940,bj,2.02,16.063,>16.063,99.990,-0.607,0.273,g
2461044.76566,2026-01-04.2661738,bj,2.02,16.000,>16.000,99.990,0.223,0.289,g
2461044.76653,2026-01-04.2670431,bj,2.1,15.896,>15.896,99.990,-0.347,0.318,g
2461045.55337,2026-01-05.0538876,bE,2.21,17.041,>17.041,99.990,-0.182,0.111,g
2461045.55428,2026-01-05.0548103,bE,2.19,17.041,>17.041,99.990,-0.058,0.111,g
2461045.55519,2026-01-05.0557093,bE,2.19,16.900,>16.900,99.990,-0.032,0.126,g
2461045.61983,2026-01-05.1203614,bF,2.27,99.990,99.990,99.990,99.990,99.990,g
2461045.62073,2026-01-05.1212620,bF,2.23,99.990,99.990,99.990,99.990,99.990,g
2461045.62164,2026-01-05.1221636,bF,2.24,99.990,99.990,99.990,99.990,99.990,g
2461045.73237,2026-01-05.2328981,bj,2.42,16.148,>16.148,99.990,0.091,0.252,g
2461045.73327,2026-01-05.2337896,bj,1.69,16.416,>16.416,99.990,-0.479,0.197,g
2461045.73416,2026-01-05.2346835,bj,1.97,16.160,>16.160,99.990,0.089,0.249,g
2461045.74501,2026-01-05.2455377,bE,1.5,16.333,>16.333,99.990,0.096,0.213,g
2461045.74590,2026-01-05.2464276,bE,1.48,16.234,>16.234,99.990,0.128,0.233,g
2461045.74680,2026-01-05.2473267,bE,1.52,16.334,>16.334,99.990,-0.033,0.213,g
2461046.56422,2026-01-06.0647623,bj,1.76,17.363,>17.363,99.990,-0.074,0.082,g
2461046.56512,2026-01-06.0656517,bj,1.74,17.395,>17.395,99.990,-0.004,0.080,g
2461046.56601,2026-01-06.0665435,bj,1.97,17.479,>17.479,99.990,-0.040,0.074,g
2461046.59767,2026-01-06.0982145,bi,1.38,16.807,>16.807,99.990,-0.454,0.137,g
2461046.59856,2026-01-06.0990990,bi,1.4,16.855,>16.855,99.990,-0.184,0.132,g
2461046.59944,2026-01-06.0999754,bi,1.4,16.847,>16.847,99.990,-0.160,0.133,g
2461046.75087,2026-01-06.2514024,bE,1.41,16.360,>16.360,99.990,-0.023,0.207,g
2461046.75177,2026-01-06.2523086,bE,1.45,16.322,>16.322,99.990,-0.338,0.215,g
2461046.75268,2026-01-06.2532136,bE,1.48,16.636,>16.636,99.990,-0.135,0.161,g
2461046.80241,2026-01-06.3029487,bj,1.7,16.183,>16.183,99.990,-0.465,0.244,g
2461046.80329,2026-01-06.3038295,bj,1.7,16.347,>16.347,99.990,-0.557,0.210,g
2461046.80417,2026-01-06.3047060,bj,1.72,16.154,>16.154,99.990,0.094,0.251,g
2461047.54684,2026-01-07.0473880,bF,2.08,99.990,99.990,99.990,99.990,99.990,g
2461047.54774,2026-01-07.0482862,bF,2.03,99.990,99.990,99.990,99.990,99.990,g
2461047.54864,2026-01-07.0491924,bF,2.03,99.990,99.990,99.990,99.990,99.990,g
2461047.56368,2026-01-07.0642336,bE,1.48,17.346,>17.346,99.990,0.004,0.084,g
2461047.56459,2026-01-07.0651370,bE,1.47,17.315,>17.315,99.990,-0.185,0.086,g
2461047.56549,2026-01-07.0660350,bE,1.42,17.260,>17.260,99.990,0.023,0.091,g
2461047.71995,2026-01-07.2205003,bF,2.27,99.990,99.990,99.990,99.990,99.990,g
2461047.72086,2026-01-07.2214089,bF,2.32,99.990,99.990,99.990,99.990,99.990,g
2461047.72175,2026-01-07.2223053,bF,2.26,99.990,99.990,99.990,99.990,99.990,g
2461047.73612,2026-01-07.2366701,bi,1.39,16.683,>16.683,99.990,-0.062,0.154,g
2461047.73699,2026-01-07.2375420,bi,1.44,16.529,>16.529,99.990,0.384,0.178,g
2461047.73786,2026-01-07.2384162,bi,1.42,16.676,>16.676,99.990,-0.330,0.155,g
2461048.56644,2026-01-08.0670043,bi,1.45,17.354,>17.354,99.990,-0.055,0.083,g
2461048.56733,2026-01-08.0678890,bi,1.5,17.506,>17.506,99.990,0.054,0.072,g
2461048.56821,2026-01-08.0687667,bi,1.45,17.296,>17.296,99.990,-0.022,0.088,g
2461049.53364,2026-01-09.0342085,bE,1.5,16.464,>16.464,99.990,-0.073,0.188,g
2461049.53455,2026-01-09.0351125,bE,1.49,16.488,>16.488,99.990,0.060,0.184,g
2461049.53544,2026-01-09.0360124,bE,1.5,16.582,>16.582,99.990,0.269,0.169,g
2461049.54263,2026-01-09.0431978,bn,2.0,99.990,99.990,99.990,99.990,99.990,g
2461049.54385,2026-01-09.0444211,bn,1.65,16.465,>16.465,99.990,-0.237,0.188,g
2461049.54507,2026-01-09.0456502,bn,1.7,99.990,99.990,99.990,99.990,99.990,g
2461050.62272,2026-01-10.1232991,bE,1.46,17.319,>17.319,99.990,-0.152,0.086,g
2461050.62363,2026-01-10.1242101,bE,1.48,17.478,>17.478,99.990,-0.045,0.074,g
2461050.62455,2026-01-10.1251258,bE,1.46,17.343,>17.343,99.990,-0.138,0.084,g
2461050.65895,2026-01-10.1595281,bF,2.27,99.990,99.990,99.990,99.990,99.990,g
2461050.65985,2026-01-10.1604366,bF,2.25,99.990,99.990,99.990,99.990,99.990,g
2461050.66078,2026-01-10.1613616,bF,2.24,99.990,99.990,99.990,99.990,99.990,g
2461051.65744,2026-01-11.1580399,bj,1.72,17.613,>17.613,99.990,0.096,0.065,g
2461051.65832,2026-01-11.1589166,bj,1.71,17.358,>17.358,99.990,-0.004,0.083,g
2461051.65922,2026-01-11.1598178,bj,1.74,17.352,>17.352,99.990,0.131,0.083,g
2461051.70676,2026-01-11.2073567,bi,1.42,99.990,99.990,99.990,99.990,99.990,g
2461051.70763,2026-01-11.2082355,bi,1.39,17.042,>17.042,99.990,-0.028,0.111,g
2461051.70852,2026-01-11.2091150,bi,1.38,17.035,>17.035,99.990,-0.076,0.111,g
2461052.61127,2026-01-12.1118799,bE,1.43,17.407,>17.407,99.990,-0.032,0.079,g
2461052.61218,2026-01-12.1127849,bE,1.46,17.416,>17.416,99.990,-0.035,0.078,g
2461052.61308,2026-01-12.1136819,bE,1.43,17.401,>17.401,99.990,-0.114,0.080,g
2461052.65932,2026-01-12.1599190,bj,2.11,17.378,>17.378,99.990,-0.022,0.081,g
2461052.66020,2026-01-12.1608091,bj,2.13,17.261,>17.261,99.990,0.186,0.091,g
2461052.66108,2026-01-12.1616898,bj,2.12,17.384,>17.384,99.990,0.108,0.081,g
2461053.61642,2026-01-13.1170377,bi,1.41,17.416,>17.416,99.990,-0.108,0.078,g
2461053.61729,2026-01-13.1179078,bi,1.45,99.990,99.990,99.990,99.990,99.990,g
2461053.61818,2026-01-13.1187993,bi,1.44,17.338,>17.338,99.990,-0.050,0.084,g
2461053.63810,2026-01-13.1387174,bj,1.74,17.198,>17.198,99.990,0.131,0.096,g
2461053.63901,2026-01-13.1396232,bj,1.78,99.990,99.990,99.990,99.990,99.990,g
2461053.63988,2026-01-13.1404989,bj,1.67,99.990,99.990,99.990,99.990,99.990,g
2461054.63952,2026-01-14.1401466,bF,2.32,99.990,99.990,99.990,99.990,99.990,g
2461054.64042,2026-01-14.1410446,bF,2.23,99.990,99.990,99.990,99.990,99.990,g
2461054.64132,2026-01-14.1419471,bF,2.25,99.990,99.990,99.990,99.990,99.990,g
2461055.57451,2026-01-15.0751425,bF,2.16,99.990,99.990,99.990,99.990,99.990,g
2461055.57541,2026-01-15.0760443,bF,2.16,99.990,99.990,99.990,99.990,99.990,g
2461055.57632,2026-01-15.0769541,bF,2.16,99.990,99.990,99.990,99.990,99.990,g
2461056.31797,2026-01-15.8186090,bm,1.6,17.158,>17.158,99.990,-0.156,0.100,g
2461056.31940,2026-01-15.8200501,bm,1.53,17.166,>17.166,99.990,-0.188,0.099,g
2461056.32074,2026-01-15.8213776,bm,1.63,17.287,>17.287,99.990,-0.114,0.088,g
2461056.58847,2026-01-16.0891175,bF,2.17,99.990,99.990,99.990,99.990,99.990,g
2461056.58940,2026-01-16.0900413,bF,2.15,99.990,99.990,99.990,99.990,99.990,g
2461056.59031,2026-01-16.0909592,bF,2.16,99.990,99.990,99.990,99.990,99.990,g
2461057.56021,2026-01-17.0608642,bF,2.24,99.990,99.990,99.990,99.990,99.990,g
2461057.56112,2026-01-17.0617693,bF,2.09,99.990,99.990,99.990,99.990,99.990,g
2461057.56202,2026-01-17.0626832,bF,2.14,99.990,99.990,99.990,99.990,99.990,g
2461057.67276,2026-01-17.1734184,bi,1.43,17.370,>17.370,99.990,-0.172,0.082,g
2461057.67366,2026-01-17.1743097,bi,1.43,17.171,>17.171,99.990,-0.096,0.098,g
2461057.67454,2026-01-17.1751966,bi,1.42,17.284,>17.284,99.990,-0.121,0.089,g
2461058.62302,2026-01-18.1236850,bj,1.76,17.355,>17.355,99.990,0.126,0.083,g
2461058.62393,2026-01-18.1245958,bj,1.68,17.358,>17.358,99.990,0.338,0.083,g
2461058.62483,2026-01-18.1254978,bj,1.97,17.338,>17.338,99.990,0.055,0.084,g
2461058.69230,2026-01-18.1929748,bi,1.42,17.387,>17.387,99.990,-0.042,0.081,g
2461058.69320,2026-01-18.1938663,bi,1.44,17.332,>17.332,99.990,-0.056,0.085,g
2461058.69410,2026-01-18.1947659,bi,1.42,17.224,>17.224,99.990,0.018,0.094,g
2461059.57338,2026-01-19.0740513,bj,1.78,17.263,>17.263,99.990,-0.046,0.090,g
2461059.57427,2026-01-19.0749383,bj,1.82,17.147,>17.147,99.990,0.172,0.101,g
2461059.57514,2026-01-19.0758203,bj,1.7,17.328,>17.328,99.990,-0.156,0.085,g
2461059.60070,2026-01-19.1013722,bi,1.45,17.317,>17.317,99.990,-0.091,0.086,g
2461059.60158,2026-01-19.1022520,bi,1.4,17.278,>17.278,99.990,-0.018,0.089,g
2461059.60245,2026-01-19.1031237,bi,1.44,17.213,>17.213,99.990,-0.054,0.095,g
2461060.62499,2026-01-20.1256806,bi,1.4,17.396,>17.396,99.990,-0.064,0.080,g
2461060.62588,2026-01-20.1265671,bi,1.41,17.398,>17.398,99.990,0.044,0.080,g
2461060.62676,2026-01-20.1274518,bi,1.39,17.329,>17.329,99.990,-0.096,0.085,g
2461060.69384,2026-01-20.1945270,bF,2.32,99.990,99.990,99.990,99.990,99.990,g
2461060.69474,2026-01-20.1954307,bF,2.31,99.990,99.990,99.990,99.990,99.990,g
2461060.69565,2026-01-20.1963319,bF,2.34,99.990,99.990,99.990,99.990,99.990,g
2461061.55179,2026-01-21.0524920,bE,2.31,17.236,>17.236,99.990,-0.149,0.093,g
2461061.55270,2026-01-21.0533927,bE,2.31,17.273,>17.273,99.990,0.037,0.090,g
2461061.55361,2026-01-21.0543085,bE,1.64,17.374,>17.374,99.990,0.179,0.082,g
2461061.64501,2026-01-21.1457027,bj,1.81,17.220,>17.220,99.990,-0.086,0.094,g
2461061.64589,2026-01-21.1465899,bj,1.69,17.350,>17.350,99.990,-0.149,0.083,g
2461061.64678,2026-01-21.1474809,bj,1.76,17.391,>17.391,99.990,0.229,0.080,g
2461062.61681,2026-01-22.1175185,bj,2.04,17.189,>17.189,99.990,-0.058,0.097,g
2461062.61773,2026-01-22.1184304,bj,2.04,17.266,>17.266,99.990,-0.094,0.090,g
2461062.61861,2026-01-22.1193111,bj,2.05,17.247,>17.247,99.990,-0.218,0.092,g
2461062.70734,2026-01-22.2080445,bi,1.46,17.383,>17.383,99.990,-0.293,0.081,g
2461062.70824,2026-01-22.2089408,bi,1.46,17.161,>17.161,99.990,0.072,0.099,g
2461062.70911,2026-01-22.2098172,bi,1.47,17.061,>17.061,99.990,-0.259,0.109,g
2461063.59504,2026-01-23.0957510,bE,1.65,17.342,>17.342,99.990,0.005,0.084,g
2461063.59594,2026-01-23.0966494,bE,1.73,17.318,>17.318,99.990,0.005,0.086,g
2461063.59684,2026-01-23.0975427,bE,1.59,17.220,>17.220,99.990,-0.076,0.094,g
2461063.63485,2026-01-23.1355539,bj,1.72,17.183,>17.183,99.990,0.045,0.097,g
2461063.63573,2026-01-23.1364453,bj,1.71,17.349,>17.349,99.990,-0.093,0.083,g
2461063.63662,2026-01-23.1373414,bj,1.64,17.344,>17.344,99.990,-0.204,0.084,g
2461064.58589,2026-01-24.0866107,bE,1.47,17.251,>17.251,99.990,-0.170,0.091,g
2461064.58681,2026-01-24.0875355,bE,1.47,17.289,>17.289,99.990,-0.071,0.088,g
2461064.58771,2026-01-24.0884373,bE,1.49,17.191,>17.191,99.990,-0.090,0.096,g
2461064.61627,2026-01-24.1169979,bj,1.72,17.244,>17.244,99.990,-0.156,0.092,g
2461064.61717,2026-01-24.1178910,bj,1.69,17.178,>17.178,99.990,0.057,0.098,g
2461064.61807,2026-01-24.1187912,bj,1.75,17.347,>17.347,99.990,0.091,0.084,g
2461065.65202,2026-01-25.1527534,bF,2.16,99.990,99.990,99.990,99.990,99.990,g
2461065.65296,2026-01-25.1536879,bF,2.16,99.990,99.990,99.990,99.990,99.990,g
2461065.65386,2026-01-25.1545937,bF,2.2,99.990,99.990,99.990,99.990,99.990,g
2461067.67441,2026-01-27.1751599,bF,2.31,99.990,99.990,99.990,99.990,99.990,g
2461067.67532,2026-01-27.1760636,bF,2.29,99.990,99.990,99.990,99.990,99.990,g
2461067.67623,2026-01-27.1769804,bF,2.33,99.990,99.990,99.990,99.990,99.990,g
2461068.44966,2026-01-27.9504159,bm,1.59,16.941,>16.941,99.990,-0.061,0.122,g
2461068.45090,2026-01-27.9516519,bm,1.58,17.202,>17.202,99.990,-0.087,0.096,g
2461068.45215,2026-01-27.9528969,bm,1.51,17.008,>17.008,99.990,0.116,0.114,g
2461068.64869,2026-01-28.1494476,bF,2.29,99.990,99.990,99.990,99.990,99.990,g
2461068.64962,2026-01-28.1503728,bF,2.32,99.990,99.990,99.990,99.990,99.990,g
2461068.65052,2026-01-28.1512754,bF,2.33,99.990,99.990,99.990,99.990,99.990,g
2461069.53357,2026-01-29.0343312,bF,2.04,99.990,99.990,99.990,99.990,99.990,g
2461069.53446,2026-01-29.0352291,bF,2.06,99.990,99.990,99.990,99.990,99.990,g
2461069.53539,2026-01-29.0361552,bF,2.07,99.990,99.990,99.990,99.990,99.990,g
2461071.37330,2026-01-30.8740756,bn,1.7,16.147,>16.147,99.990,-0.075,0.252,g
2461071.37452,2026-01-30.8752967,bn,1.69,16.195,>16.195,99.990,-0.173,0.242,g
2461071.37577,2026-01-30.8765384,bn,1.68,16.057,>16.057,99.990,-0.840,0.274,g
2461071.74669,2026-01-31.2474592,bF,2.41,99.990,99.990,99.990,99.990,99.990,g
2461071.74758,2026-01-31.2483575,bF,2.42,99.990,99.990,99.990,99.990,99.990,g
2461071.74849,2026-01-31.2492694,bF,2.46,99.990,99.990,99.990,99.990,99.990,g
2461072.40952,2026-01-31.9102952,bm,1.58,15.732,>15.732,99.990,0.681,0.370,g
2461072.41075,2026-01-31.9115221,bm,1.57,15.734,>15.734,99.990,0.240,0.369,g
2461072.41196,2026-01-31.9127454,bm,1.52,15.870,>15.870,99.990,0.116,0.326,g
2461072.56543,2026-02-01.0662177,bj,2.03,16.118,>16.118,99.990,-0.489,0.259,g
2461072.56634,2026-02-01.0671197,bj,2.03,16.108,>16.108,99.990,0.355,0.262,g
2461072.56724,2026-02-01.0680253,bj,2.03,16.120,>16.120,99.990,-0.740,0.259,g
2461072.64942,2026-02-01.1501971,bE,1.51,16.155,>16.155,99.990,0.001,0.251,g
2461072.65032,2026-02-01.1510940,bE,1.47,16.058,>16.058,99.990,-0.366,0.274,g
2461072.65123,2026-02-01.1520094,bE,1.54,16.118,>16.118,99.990,-0.749,0.259,g
2461073.57045,2026-02-02.0712430,bE,1.53,16.245,>16.245,99.990,-0.509,0.231,g
2461073.57135,2026-02-02.0721378,bE,1.5,16.086,>16.086,99.990,0.039,0.267,g
2461073.57225,2026-02-02.0730432,bE,1.48,16.313,>16.313,99.990,0.008,0.217,g
2461074.52557,2026-02-03.0263628,bE,1.54,16.259,>16.259,99.990,-0.245,0.228,g
2461074.52647,2026-02-03.0272680,bE,1.58,16.313,>16.313,99.990,0.332,0.217,g
2461074.52739,2026-02-03.0281819,bE,1.54,16.390,>16.390,99.990,0.104,0.202,g
2461074.66442,2026-02-03.1652152,bj,2.02,99.990,99.990,99.990,99.990,99.990,g
2461074.66530,2026-02-03.1661020,bj,2.1,16.126,>16.126,99.990,0.698,0.257,g
2461074.66619,2026-02-03.1669844,bj,2.02,99.990,99.990,99.990,99.990,99.990,g
2461075.58599,2026-02-04.0867895,bF,2.18,99.990,99.990,99.990,99.990,99.990,g
2461075.58689,2026-02-04.0876961,bF,2.16,99.990,99.990,99.990,99.990,99.990,g
2461075.64154,2026-02-04.1423457,bE,1.48,16.460,>16.460,99.990,0.284,0.189,g
2461075.64245,2026-02-04.1432482,bE,1.52,16.595,>16.595,99.990,0.169,0.167,g
2461075.64335,2026-02-04.1441532,bE,1.52,16.313,>16.313,99.990,-0.441,0.217,g
2461076.60848,2026-02-05.1092921,bE,1.45,16.740,>16.740,99.990,-0.004,0.146,g
2461076.60940,2026-02-05.1102004,bE,1.49,16.317,>16.317,99.990,-0.004,0.216,g
2461076.66477,2026-02-05.1655732,bj,1.74,16.406,>16.406,99.990,0.160,0.199,g
2461076.66565,2026-02-05.1664564,bj,1.71,16.531,>16.531,99.990,-0.136,0.177,g
2461076.66653,2026-02-05.1673424,bj,1.98,16.336,>16.336,99.990,0.004,0.212,g
2461077.64589,2026-02-06.1467011,bF,2.29,99.990,99.990,99.990,99.990,99.990,g
2461077.64679,2026-02-06.1476003,bF,2.33,99.990,99.990,99.990,99.990,99.990,g
2461077.64768,2026-02-06.1484982,bF,2.29,99.990,99.990,99.990,99.990,99.990,g
2461078.44274,2026-02-06.9435505,bm,1.46,99.990,99.990,99.990,99.990,99.990,g
2461078.44397,2026-02-06.9447815,bm,1.61,99.990,99.990,99.990,99.990,99.990,g
2461078.65889,2026-02-07.1597024,bj,1.66,16.771,>16.771,99.990,-0.194,0.142,g
2461078.65977,2026-02-07.1605931,bj,1.68,16.851,>16.851,99.990,-0.218,0.132,g
2461078.66065,2026-02-07.1614695,bj,1.66,16.806,>16.806,99.990,-0.071,0.138,g
2461078.66740,2026-02-07.1682218,bE,1.6,16.824,>16.824,99.990,0.116,0.135,g
2461078.66830,2026-02-07.1691177,bE,1.55,17.036,>17.036,99.990,-0.069,0.111,g
2461078.66922,2026-02-07.1700346,bE,1.54,16.850,>16.850,99.990,-0.190,0.132,g
2461079.52828,2026-02-08.0291053,bj,2.28,16.829,>16.829,99.990,0.326,0.135,g
2461079.52918,2026-02-08.0299922,bj,2.24,16.837,>16.837,99.990,0.008,0.134,g
2461079.53006,2026-02-08.0308840,bj,2.27,16.979,>16.979,99.990,-0.119,0.117,g
2461079.66668,2026-02-08.1675032,bi,1.44,16.913,>16.913,99.990,-0.209,0.125,g
2461079.66756,2026-02-08.1683805,bi,1.48,16.832,>16.832,99.990,0.018,0.134,g
2461079.66844,2026-02-08.1692653,bi,1.42,16.841,>16.841,99.990,0.109,0.133,g
2461080.57463,2026-02-09.0754518,bE,1.49,17.423,>17.423,99.990,-0.212,0.078,g
2461080.57552,2026-02-09.0763510,bE,1.47,17.242,>17.242,99.990,0.015,0.092,g
2461080.57644,2026-02-09.0772633,bE,1.45,99.990,99.990,99.990,99.990,99.990,g
2461080.64417,2026-02-09.1449989,bF,2.29,99.990,99.990,99.990,99.990,99.990,g
2461080.64506,2026-02-09.1458923,bF,2.31,99.990,99.990,99.990,99.990,99.990,g
2461080.64597,2026-02-09.1467969,bF,2.33,99.990,99.990,99.990,99.990,99.990,g
2461081.58907,2026-02-10.0898983,bF,2.25,99.990,99.990,99.990,99.990,99.990,g
2461081.58998,2026-02-10.0908118,bF,2.24,99.990,99.990,99.990,99.990,99.990,g
2461081.59089,2026-02-10.0917194,bF,2.24,99.990,99.990,99.990,99.990,99.990,g
2461082.56769,2026-02-11.0685251,bF,2.19,99.990,99.990,99.990,99.990,99.990,g
2461082.56861,2026-02-11.0694392,bF,2.18,99.990,99.990,99.990,99.990,99.990,g
2461082.56951,2026-02-11.0703457,bF,2.21,99.990,99.990,99.990,99.990,99.990,g
2461083.53009,2026-02-12.0309325,bi,2.02,17.133,>17.133,99.990,0.036,0.102,g
2461083.53098,2026-02-12.0318207,bi,2.01,17.175,>17.175,99.990,-0.133,0.098,g
2461083.53186,2026-02-12.0326991,bi,2.0,17.114,>17.114,99.990,0.016,0.104,g
2461083.68107,2026-02-12.1819075,bF,2.38,99.990,99.990,99.990,99.990,99.990,g
2461083.68196,2026-02-12.1828010,bF,2.41,99.990,99.990,99.990,99.990,99.990,g
2461083.68286,2026-02-12.1837092,bF,2.43,99.990,99.990,99.990,99.990,99.990,g
2461084.65262,2026-02-13.1534578,bj,2.06,17.415,>17.415,99.990,-0.093,0.079,g
2461084.65349,2026-02-13.1543327,bj,2.05,17.364,>17.364,99.990,-0.119,0.082,g
2461084.65438,2026-02-13.1552184,bj,2.05,99.990,99.990,99.990,99.990,99.990,g
2461085.59900,2026-02-14.0998487,bF,2.24,99.990,99.990,99.990,99.990,99.990,g
2461085.59989,2026-02-14.1007384,bF,2.19,99.990,99.990,99.990,99.990,99.990,g
2461085.60080,2026-02-14.1016474,bF,2.2,99.990,99.990,99.990,99.990,99.990,g
2461086.59156,2026-02-15.0924137,bj,1.65,99.990,99.990,99.990,99.990,99.990,g
2461086.59244,2026-02-15.0932854,bj,1.77,17.372,>17.372,99.990,0.091,0.082,g
2461086.59332,2026-02-15.0941697,bj,1.67,99.990,99.990,99.990,99.990,99.990,g
2461087.31640,2026-02-15.8172545,bm,1.54,17.318,>17.318,99.990,-0.144,0.086,g
2461087.31764,2026-02-15.8184925,bm,1.58,17.167,>17.167,99.990,-0.045,0.099,g
2461087.31888,2026-02-15.8197288,bm,1.54,17.323,>17.323,99.990,0.030,0.085,g
2461087.53652,2026-02-16.0373672,bF,2.26,99.990,99.990,99.990,99.990,99.990,g
2461087.53742,2026-02-16.0382699,bF,2.25,99.990,99.990,99.990,99.990,99.990,g
2461087.53831,2026-02-16.0391631,bF,2.24,99.990,99.990,99.990,99.990,99.990,g
2461088.59115,2026-02-17.0920005,bE,1.46,17.425,>17.425,99.990,-0.234,0.078,g
2461088.59204,2026-02-17.0928927,bE,1.48,17.281,>17.281,99.990,-0.129,0.089,g
2461088.59294,2026-02-17.0937939,bE,1.48,17.433,>17.433,99.990,0.113,0.077,g
2461088.59680,2026-02-17.0976583,bF,2.28,99.990,99.990,99.990,99.990,99.990,g
2461088.59771,2026-02-17.0985633,bF,2.37,99.990,99.990,99.990,99.990,99.990,g
2461088.59860,2026-02-17.0994555,bF,2.38,99.990,99.990,99.990,99.990,99.990,g
2461089.55718,2026-02-18.0580401,bF,2.29,99.990,99.990,99.990,99.990,99.990,g
2461089.55808,2026-02-18.0589364,bF,2.32,99.990,99.990,99.990,99.990,99.990,g
2461089.55898,2026-02-18.0598298,bF,2.33,99.990,99.990,99.990,99.990,99.990,g
2461090.32957,2026-02-18.8304253,bm,1.54,16.985,>16.985,99.990,0.078,0.117,g
2461090.33084,2026-02-18.8317070,bm,1.52,17.199,>17.199,99.990,-0.183,0.096,g
2461090.33209,2026-02-18.8329510,bm,1.51,17.120,>17.120,99.990,0.150,0.103,g
2461092.31968,2026-02-20.8205457,bm,1.51,17.084,>17.084,99.990,-0.124,0.107,g
2461092.32090,2026-02-20.8217606,bm,1.57,17.034,>17.034,99.990,0.121,0.112,g
2461092.32215,2026-02-20.8230116,bm,1.5,16.978,>16.978,99.990,0.144,0.117,g
2461092.34223,2026-02-20.8430956,bm,1.51,16.988,>16.988,99.990,-0.225,0.116,g
2461092.34346,2026-02-20.8443232,bm,1.52,17.092,>17.092,99.990,-0.009,0.106,g
2461092.34468,2026-02-20.8455530,bm,1.53,17.111,>17.111,99.990,-0.032,0.104,g
2461092.59811,2026-02-21.0989723,bj,1.66,99.990,99.990,99.990,99.990,99.990,g
2461092.59900,2026-02-21.0998644,bj,1.66,17.315,>17.315,99.990,0.117,0.086,g
2461092.59987,2026-02-21.1007363,bj,1.69,17.287,>17.287,99.990,0.022,0.088,g
2461093.52640,2026-02-22.0272686,bj,1.69,99.990,99.990,99.990,99.990,99.990,g
2461093.52728,2026-02-22.0281495,bj,1.7,17.470,>17.470,99.990,-0.178,0.075,g
2461093.52817,2026-02-22.0290293,bj,1.7,17.291,>17.291,99.990,0.059,0.088,g
2461094.61578,2026-02-23.1166493,bi,1.44,17.312,>17.312,99.990,0.229,0.086,g
2461094.61666,2026-02-23.1175305,bi,1.46,17.253,>17.253,99.990,0.104,0.091,g
2461094.61754,2026-02-23.1184059,bi,1.41,17.297,>17.297,99.990,-0.149,0.088,g
2461094.62281,2026-02-23.1236710,bF,2.39,99.990,99.990,99.990,99.990,99.990,g
2461094.62371,2026-02-23.1245769,bF,2.33,99.990,99.990,99.990,99.990,99.990,g
2461094.62461,2026-02-23.1254820,bF,2.35,99.990,99.990,99.990,99.990,99.990,g
2461095.60130,2026-02-24.1021644,bj,1.7,17.051,>17.051,99.990,-0.185,0.110,g
2461095.60218,2026-02-24.1030409,bj,1.73,17.055,>17.055,99.990,-0.052,0.109,g
2461095.60306,2026-02-24.1039270,bj,1.7,16.981,>16.981,99.990,-0.024,0.117,g
2461096.52131,2026-02-25.0221766,bj,2.17,16.696,>16.696,99.990,0.101,0.152,g
2461096.52218,2026-02-25.0230503,bj,2.17,16.861,>16.861,99.990,0.163,0.131,g
2461096.52306,2026-02-25.0239304,bj,2.16,16.827,>16.827,99.990,0.249,0.135,g
2461097.26235,2026-02-25.7632263,bm,1.56,16.172,>16.172,99.990,-0.070,0.247,g
2461097.26412,2026-02-25.7649821,bm,1.48,16.310,>16.310,99.990,0.167,0.217,g
2461097.26538,2026-02-25.7662427,bm,1.52,16.374,>16.374,99.990,-0.532,0.205,g
2461098.27511,2026-02-26.7759731,bm,1.58,16.576,>16.576,99.990,0.070,0.170,g
2461098.27636,2026-02-26.7772248,bm,1.57,16.484,>16.484,99.990,-0.515,0.185,g
2461098.27759,2026-02-26.7784553,bm,1.57,16.577,>16.577,99.990,-0.299,0.170,g
2461098.53920,2026-02-27.0400629,bF,2.34,99.990,99.990,99.990,99.990,99.990,g
2461098.54010,2026-02-27.0409692,bF,2.27,99.990,99.990,99.990,99.990,99.990,g
2461098.54099,2026-02-27.0418634,bF,2.24,99.990,99.990,99.990,99.990,99.990,g
2461099.57219,2026-02-28.0730563,bF,2.23,99.990,99.990,99.990,99.990,99.990,g
2461099.57310,2026-02-28.0739614,bF,2.25,99.990,99.990,99.990,99.990,99.990,g
2461099.57400,2026-02-28.0748689,bF,2.23,99.990,99.990,99.990,99.990,99.990,g
2461100.56527,2026-03-01.0661417,bF,2.33,99.990,99.990,99.990,99.990,99.990,g
2461100.56618,2026-03-01.0670479,bF,2.31,99.990,99.990,99.990,99.990,99.990,g
2461100.56707,2026-03-01.0679410,bF,2.3,99.990,99.990,99.990,99.990,99.990,g
2461101.30431,2026-03-01.8051790,bm,2.48,15.915,>15.915,99.990,0.198,0.313,g
2461101.65383,2026-03-02.1546931,bj,2.05,15.858,>15.858,99.990,-0.281,0.329,g
2461101.65471,2026-03-02.1555756,bj,2.03,16.026,>16.026,99.990,-1.130,0.282,g
2461101.65558,2026-03-02.1564430,bj,2.04,15.854,>15.854,99.990,-0.068,0.331,g
2461102.63030,2026-03-03.1311644,bF,2.4,99.990,99.990,99.990,99.990,99.990,g
2461102.63119,2026-03-03.1320560,bF,2.37,99.990,99.990,99.990,99.990,99.990,g
2461102.63209,2026-03-03.1329525,bF,2.48,99.990,99.990,99.990,99.990,99.990,g
2461103.30013,2026-03-03.8009875,bm,1.5,15.843,>15.843,99.990,-0.737,0.334,g
2461103.30135,2026-03-03.8022215,bm,1.52,15.911,>15.911,99.990,-0.823,0.314,g
2461103.30258,2026-03-03.8034445,bm,1.57,15.786,>15.786,99.990,0.481,0.352,g
2461103.54332,2026-03-04.0441767,bj,2.08,16.016,>16.016,99.990,-0.148,0.285,g
2461103.54419,2026-03-04.0450483,bj,2.08,16.056,>16.056,99.990,0.746,0.275,g
2461103.54507,2026-03-04.0459328,bj,2.07,16.048,>16.048,99.990,0.039,0.277,g
2461103.61563,2026-03-04.1164921,bE,1.47,16.128,>16.128,99.990,-0.247,0.257,g
2461103.61654,2026-03-04.1173959,bE,1.49,16.047,>16.047,99.990,0.217,0.277,g
2461103.61743,2026-03-04.1182974,bE,1.53,16.089,>16.089,99.990,0.147,0.266,g
2461104.55104,2026-03-05.0519001,bE,1.46,16.222,>16.222,99.990,0.107,0.236,g
2461104.55193,2026-03-05.0527918,bE,1.47,16.127,>16.127,99.990,-0.085,0.257,g
2461104.55282,2026-03-05.0536887,bE,1.57,16.204,>16.204,99.990,0.034,0.240,g
2461105.41413,2026-03-05.9149907,bn,1.63,16.113,>16.113,99.990,-0.393,0.261,g
2461105.41537,2026-03-05.9162303,bn,1.61,99.990,99.990,99.990,99.990,99.990,g
2461105.41660,2026-03-05.9174627,bn,1.66,15.952,>15.952,99.990,0.593,0.302,g
2461105.60829,2026-03-06.1091493,bE,1.43,16.459,>16.459,99.990,0.049,0.189,g
2461105.60919,2026-03-06.1100519,bE,1.49,16.384,>16.384,99.990,0.024,0.203,g
2461105.61008,2026-03-06.1109413,bE,1.49,16.353,>16.353,99.990,-0.084,0.209,g
2461105.65292,2026-03-06.1537819,bF,2.37,99.990,99.990,99.990,99.990,99.990,g
2461105.65382,2026-03-06.1546859,bF,2.39,99.990,99.990,99.990,99.990,99.990,g
2461105.65473,2026-03-06.1555827,bF,2.35,99.990,99.990,99.990,99.990,99.990,g
2461107.40477,2026-03-07.9056303,bn,1.48,14.919,10.501,0.005,228.906,1.013,g
2461107.40600,2026-03-07.9068568,bn,1.53,14.934,10.528,0.005,223.438,1.041,g
2461107.40724,2026-03-07.9081032,bn,1.51,14.926,10.511,0.005,226.909,1.012,g
2461107.61063,2026-03-08.1114896,bE,1.61,15.245,10.881,0.005,161.212,0.711,g
2461107.65673,2026-03-08.1575811,bF,2.17,99.990,99.990,99.990,99.990,99.990,g
2461107.65763,2026-03-08.1584861,bF,2.22,99.990,99.990,99.990,99.990,99.990,g
2461107.65853,2026-03-08.1593896,bF,2.35,99.990,99.990,99.990,99.990,99.990,g
2461108.39285,2026-03-08.8937006,bn,1.53,15.480,11.708,0.008,75.269,0.519,g
2461108.39407,2026-03-08.8949283,bn,1.57,15.495,11.774,0.008,70.882,0.528,g
2461108.39531,2026-03-08.8961701,bn,1.6,15.512,11.744,0.008,72.830,0.503,g
2461108.60695,2026-03-09.1078002,bE,1.49,15.673,11.920,0.007,61.949,0.412,g
2461108.60785,2026-03-09.1087087,bE,1.47,15.693,11.931,0.008,61.323,0.415,g
2461108.65432,2026-03-09.1551660,bF,2.35,99.990,99.990,99.990,99.990,99.990,g
2461108.65522,2026-03-09.1560771,bF,2.32,99.990,99.990,99.990,99.990,99.990,g
2461108.65612,2026-03-09.1569822,bF,2.32,99.990,99.990,99.990,99.990,99.990,g
2461110.60125,2026-03-11.1020937,bE,1.53,16.164,12.776,0.010,28.148,0.259,g
2461110.60214,2026-03-11.1029890,bE,1.51,16.189,12.808,0.010,27.343,0.252,g
2461111.59763,2026-03-12.0984717,bE,1.53,16.196,12.797,0.009,27.633,0.247,g
2461111.59853,2026-03-12.0993753,bE,1.57,16.178,12.794,0.010,27.696,0.253,g
2461111.59944,2026-03-12.1002767,bE,1.58,16.190,12.790,0.009,27.799,0.251,g
2461111.63951,2026-03-12.1403589,bF,2.43,99.990,99.990,99.990,99.990,99.990,g
2461111.64041,2026-03-12.1412627,bF,2.4,99.990,99.990,99.990,99.990,99.990,g
2461111.64132,2026-03-12.1421572,bF,2.41,99.990,99.990,99.990,99.990,99.990,g
2461112.64058,2026-03-13.1414159,bF,2.35,99.990,99.990,99.990,99.990,99.990,g
2461112.64147,2026-03-13.1423186,bF,2.38,99.990,99.990,99.990,99.990,99.990,g
2461112.64238,2026-03-13.1432129,bF,2.36,99.990,99.990,99.990,99.990,99.990,g
2461113.59354,2026-03-14.0943804,bE,1.52,16.316,13.116,0.011,20.586,0.221,g
2461113.59444,2026-03-14.0952761,bE,1.36,16.254,13.114,0.012,20.635,0.237,g
2461113.62923,2026-03-14.1300596,bj,2.02,16.239,13.106,0.012,20.785,0.237,g
2461113.63011,2026-03-14.1309417,bj,2.0,16.240,13.076,0.012,21.358,0.237,g
2461113.63097,2026-03-14.1318087,bj,2.02,16.272,13.086,0.012,21.164,0.231,g
2461114.63131,2026-03-15.1321513,bF,2.47,99.990,99.990,99.990,99.990,99.990,g
2461114.63223,2026-03-15.1330678,bF,2.47,99.990,99.990,99.990,99.990,99.990,g
2461115.57196,2026-03-16.0727965,bE,1.52,16.525,13.557,0.014,13.707,0.181,g
2461115.57287,2026-03-16.0736922,bE,1.47,16.492,13.563,0.015,13.639,0.186,g
2461115.57377,2026-03-16.0745952,bE,1.52,16.492,13.553,0.015,13.770,0.186,g
2461115.58181,2026-03-16.0826373,bj,2.05,16.409,13.499,0.015,14.470,0.202,g
2461115.58269,2026-03-16.0835208,bj,2.04,16.450,13.509,0.015,14.335,0.195,g
2461115.58358,2026-03-16.0844032,bj,2.03,16.420,13.510,0.015,14.323,0.201,g
2461116.57925,2026-03-17.0800717,bj,1.71,16.605,13.898,0.018,10.018,0.167,g
2461116.58014,2026-03-17.0809565,bj,1.69,16.660,13.967,0.018,9.402,0.159,g
2461116.58102,2026-03-17.0818375,bj,1.67,16.634,13.982,0.019,9.273,0.163,g
2461116.58508,2026-03-17.0858976,bE,1.52,16.638,14.002,0.019,9.099,0.162,g
2461116.58598,2026-03-17.0868018,bE,1.51,16.669,14.013,0.019,9.010,0.158,g
2461117.50891,2026-03-18.0097357,bj,2.05,16.643,13.933,0.018,9.699,0.163,g
2461117.50979,2026-03-18.0106155,bj,2.03,16.635,13.874,0.017,10.245,0.163,g
2461117.51066,2026-03-18.0114870,bj,2.04,16.665,13.924,0.017,9.778,0.158,g
2461117.51853,2026-03-18.0193405,bE,1.49,16.623,13.960,0.019,9.461,0.164,g
2461117.51943,2026-03-18.0202443,bE,1.49,16.640,13.921,0.018,9.802,0.162,g
2461117.52031,2026-03-18.0211362,bE,1.45,16.634,13.948,0.018,9.567,0.162,g
2461118.36841,2026-03-18.8692283,bn,1.56,16.374,14.251,0.031,7.235,0.208,g
2461118.61690,2026-03-19.1177097,bj,1.7,16.751,14.379,0.025,6.431,0.146,g
2461118.61778,2026-03-19.1185908,bj,1.69,16.650,14.317,0.025,6.811,0.160,g
2461118.61866,2026-03-19.1194719,bj,1.67,16.644,14.327,0.026,6.749,0.161,g
2461119.60454,2026-03-20.1053538,bF,2.3,99.990,99.990,99.990,99.990,99.990,g
2461119.60545,2026-03-20.1062570,bF,2.3,99.990,99.990,99.990,99.990,99.990,g
2461119.60636,2026-03-20.1071728,bF,2.34,99.990,99.990,99.990,99.990,99.990,g
2461120.32090,2026-03-20.8217043,bm,1.97,16.542,14.130,0.024,8.088,0.178,g
2461120.32213,2026-03-20.8229368,bm,1.99,16.524,14.147,0.024,7.961,0.181,g
2461120.32335,2026-03-20.8241575,bm,2.0,16.510,14.089,0.023,8.397,0.183,g
2461121.56725,2026-03-22.0680465,bE,1.49,16.969,14.723,0.028,4.685,0.119,g
2461121.56814,2026-03-22.0689409,bE,1.44,16.873,14.775,0.032,4.467,0.130,g
2461121.56905,2026-03-22.0698434,bE,1.47,16.954,14.714,0.028,4.728,0.120,g
2461121.60404,2026-03-22.1048425,bj,2.01,16.812,14.785,0.034,4.424,0.137,g
2461121.60492,2026-03-22.1057243,bj,2.01,16.790,14.667,0.031,4.933,0.140,g
2461121.60580,2026-03-22.1066017,bj,2.01,16.735,14.746,0.035,4.589,0.147,g
2461123.49305,2026-03-23.9938366,bi,1.49,16.622,14.676,0.036,4.895,0.163,g
2461123.49395,2026-03-23.9947354,bi,1.48,16.658,14.653,0.034,4.998,0.158,g
2461123.49482,2026-03-23.9956106,bi,1.49,16.663,14.707,0.036,4.753,0.157,g
2461123.49846,2026-03-23.9992460,bj,1.73,16.747,14.724,0.034,4.682,0.146,g
2461123.49935,2026-03-24.0001332,bj,1.66,16.827,14.722,0.031,4.690,0.135,g
2461123.50025,2026-03-24.0010315,bj,1.68,16.805,14.735,0.032,4.633,0.138,g
2461124.27730,2026-03-24.7780766,bm,1.49,16.271,14.943,0.065,3.826,0.227,g
2461124.27852,2026-03-24.7793096,bm,1.51,16.578,14.919,0.047,3.911,0.171,g
2461124.27983,2026-03-24.7806206,bm,1.53,16.565,14.854,0.045,4.153,0.174,g
2461124.59753,2026-03-25.0983141,bj,2.04,16.703,14.432,0.027,6.128,0.152,g
2461124.59841,2026-03-25.0991950,bj,2.03,16.596,14.460,0.031,5.971,0.168,g
2461124.59929,2026-03-25.1000753,bj,2.03,16.545,14.378,0.030,6.443,0.176,g
2461125.56144,2026-03-26.0622089,bE,1.49,16.721,15.117,0.050,3.259,0.149,g
2461125.59907,2026-03-26.0998509,bj,1.98,16.600,15.043,0.052,3.489,0.167,g
2461125.59996,2026-03-26.1007261,bj,1.76,16.669,14.993,0.047,3.657,0.156,g
2461126.59287,2026-03-27.0936335,bj,2.01,16.485,15.077,0.060,3.382,0.185,g
2461126.59375,2026-03-27.0945177,bj,2.03,16.380,15.113,0.068,3.273,0.204,g
2461126.59465,2026-03-27.0954067,bj,2.0,16.490,15.100,0.061,3.311,0.184,g
2461127.24032,2026-03-27.7410827,bm,1.56,16.367,14.987,0.061,3.675,0.207,g
2461127.24160,2026-03-27.7423644,bm,1.57,16.297,14.847,0.058,4.183,0.220,g
2461127.24283,2026-03-27.7435937,bm,1.55,16.359,15.040,0.065,3.500,0.208,g
2461127.25186,2026-03-27.7526238,bn,2.07,16.331,14.981,0.063,3.697,0.213,g
2461127.25320,2026-03-27.7539604,bn,2.07,16.380,15.032,0.063,3.526,0.204,g
2461127.25447,2026-03-27.7552314,bn,2.09,16.378,15.000,0.062,3.629,0.204,g
2461127.32395,2026-03-27.8247129,bn,1.54,16.374,15.067,0.066,3.414,0.205,g
2461127.32520,2026-03-27.8259663,bn,1.51,16.327,15.074,0.069,3.393,0.214,g
2461127.32644,2026-03-27.8271997,bn,1.61,16.468,15.104,0.062,3.299,0.188,g
2461127.58755,2026-03-28.0883086,bF,2.45,99.990,99.990,99.990,99.990,99.990,g
2461127.58845,2026-03-28.0892114,bF,2.47,99.990,99.990,99.990,99.990,99.990,g
2461127.58937,2026-03-28.0901212,bF,2.44,99.990,99.990,99.990,99.990,99.990,g
2461128.34789,2026-03-28.8486417,bn,1.6,16.130,14.954,0.074,3.790,0.257,g
2461128.34913,2026-03-28.8498799,bn,1.58,16.184,15.039,0.076,3.502,0.244,g
2461128.35037,2026-03-28.8511137,bn,1.56,16.124,15.099,0.085,3.315,0.258,g
2461128.55129,2026-03-29.0520438,bE,1.46,16.402,15.272,0.077,2.825,0.200,g
2461128.55218,2026-03-29.0529379,bE,1.43,16.336,15.493,0.101,2.307,0.212,g
2461128.55309,2026-03-29.0538394,bE,1.48,16.408,15.185,0.071,3.060,0.199,g
2461128.60006,2026-03-29.1008104,bF,2.44,99.990,99.990,99.990,99.990,99.990,g
2461128.60096,2026-03-29.1017118,bF,2.42,99.990,99.990,99.990,99.990,99.990,g
2461128.60185,2026-03-29.1026074,bF,2.35,99.990,99.990,99.990,99.990,99.990,g
2461129.28231,2026-03-29.7830572,bm,1.57,16.041,15.007,0.085,3.608,0.279,g
2461129.28353,2026-03-29.7842756,bm,1.55,16.062,14.998,0.082,3.637,0.273,g
2461129.28476,2026-03-29.7855,bm,1.52,16.228,14.992,0.070,3.657,0.235,g
2461129.29360,2026-03-29.7943486,bn,1.61,16.270,15.002,0.068,3.624,0.226,g
2461129.29484,2026-03-29.7955893,bn,1.61,16.234,15.035,0.073,3.513,0.233,g
2461129.29608,2026-03-29.7968290,bn,1.65,16.108,15.046,0.082,3.481,0.262,g
2461129.32106,2026-03-29.8218116,bn,1.51,16.167,14.806,0.063,4.343,0.248,g
2461129.32230,2026-03-29.8230440,bn,1.64,16.165,14.856,0.066,4.145,0.249,g
2461129.32354,2026-03-29.8242844,bn,1.58,16.156,15.072,0.081,3.397,0.251,g
2461130.58960,2026-03-31.0903388,bF,2.41,99.990,99.990,99.990,99.990,99.990,g
2461130.59049,2026-03-31.0912273,bF,2.49,99.990,99.990,99.990,99.990,99.990,g
2461130.59140,2026-03-31.0921261,bF,2.45,99.990,99.990,99.990,99.990,99.990,g
2461131.49984,2026-04-01.0005645,bi,1.42,15.955,15.290,0.119,2.781,0.301,g
2461131.50073,2026-04-01.0014505,bi,1.48,16.011,15.419,0.127,2.470,0.286,g
2461131.50160,2026-04-01.0023241,bi,1.39,15.949,15.662,0.168,1.974,0.303,g
2461131.55308,2026-04-01.0538035,bF,2.44,99.990,99.990,99.990,99.990,99.990,g
2461131.55398,2026-04-01.0547074,bF,2.48,99.990,99.990,99.990,99.990,99.990,g
2461131.55488,2026-04-01.0556100,bF,2.44,99.990,99.990,99.990,99.990,99.990,g
2461132.54053,2026-04-02.0412487,bE,1.54,16.094,15.711,0.154,1.887,0.265,g
2461132.54143,2026-04-02.0421502,bE,1.59,15.960,>15.960,99.990,1.379,0.300,g
2461132.54234,2026-04-02.0430527,bE,1.6,15.990,15.612,0.155,2.066,0.292,g
2461132.57713,2026-04-02.0778461,bj,2.17,15.698,>15.698,99.990,-0.928,0.382,g
2461132.57801,2026-04-02.0787269,bj,2.16,15.512,>15.512,99.990,1.615,0.453,g
2461132.57889,2026-04-02.0796090,bj,2.22,15.623,15.280,0.160,2.804,0.409,g
2461133.53760,2026-04-03.0383201,bE,1.53,16.216,>16.216,99.990,0.795,0.237,g
2461133.53852,2026-04-03.0392298,bE,1.49,16.184,>16.184,99.990,1.149,0.244,g
2461133.53942,2026-04-03.0401302,bE,1.53,16.001,>16.001,99.990,1.307,0.289,g
2461133.58779,2026-04-03.0885054,bF,2.45,99.990,99.990,99.990,99.990,99.990,g
2461134.53689,2026-04-04.0375872,bE,1.51,16.361,16.170,0.184,1.237,0.207,g
2461134.56428,2026-04-04.0649785,bj,2.04,16.071,15.421,0.120,2.464,0.271,g
2461134.56515,2026-04-04.0658534,bj,2.05,15.983,>15.983,99.990,1.460,0.294,g
2461134.56603,2026-04-04.0667266,bj,2.03,16.214,16.008,0.181,1.435,0.237,g
2461135.53327,2026-04-05.0339559,bE,1.53,16.618,16.432,0.185,0.971,0.164,g
2461135.53416,2026-04-05.0348515,bE,1.54,16.630,>16.630,99.990,0.765,0.162,g
2461135.58363,2026-04-05.0843201,bF,2.49,99.990,99.990,99.990,99.990,99.990,g