Re,UA_W_K,actual_flow_mL_s,average_outlet_C,coil_diameter_cm,coil_height_cm,final_ice_remaining_g,final_outlet_C,max_gravity_flow_mL_s,outer_h_W_m2K,prechill_tube_enabled,pressure_ratio_requested,requested_flow_mL_s,residence_time_s,rod_enabled,target_outlet_C,tube_length_m,turns,warning_count,warnings
928.5597914524924,23.565402634730823,2.0,4.932832524012177,11.0,11.429999999999998,705.8625768516654,4.932832524012177,6.535500169063611,1200.0,False,0.09736866649021345,2.0,34.0236572660019,True,5.0,4.148477214407486,12.0,1,Center rod is modeled as not touching coffee. Do not let brass/copper contact the coffee directly.
928.4621830258408,23.58551995174616,2.0,4.920861456808793,6.0,20.954999999999995,705.8180100511377,4.920861456808798,6.532393863950438,1200.0,False,0.097449098495047,2.0,34.05413537316438,True,5.0,4.152193385544331,22.0,1,Center rod is modeled as not touching coffee. Do not let brass/copper contact the coffee directly.
928.932143491587,23.489164135563588,2.0,4.978495473007574,7.5,17.145,702.0898496736529,4.978495473007553,6.456379088562216,1200.0,False,0.09944943313901745,2.0,34.81212236809161,False,5.0,4.244614131282766,18.0,0,
926.1105918649336,24.085796121120314,2.0,4.632330843905793,7.5,17.145,704.7438463151232,4.632330843905812,6.456379088562216,1200.0,False,0.09944943313901745,2.0,34.81212236809161,True,5.0,4.244614131282766,18.0,1,Center rod is modeled as not touching coffee. Do not let brass/copper contact the coffee directly.
922.256404939174,24.97838813228973,2.0,4.1589263592355765,9.0,15.239999999999998,699.03869537044,4.158926359235571,6.238317964734995,1200.0,False,0.1055496377798874,2.0,37.12367348685653,False,5.0,4.52645970335525,16.0,0,
919.768206330512,25.611002364398093,2.0,3.8529645273234916,9.0,15.239999999999998,701.842362046554,3.852964527323483,6.238317964734995,1200.0,False,0.1055496377798874,2.0,37.12367348685653,True,5.0,4.52645970335525,16.0,1,Center rod is modeled as not touching coffee. Do not let brass/copper contact the coffee directly.
922.1872625375426,24.995323710132528,2.0,4.15042786293833,6.0,22.859999999999996,699.007056521316,4.150427862938322,6.235949117920804,1200.0,False,0.1056190235984982,2.0,37.149965861633866,False,5.0,4.529665511502907,24.0,0,
919.7026617396946,25.628347106238447,2.0,3.844901201290268,6.0,22.859999999999996,701.8123432824128,3.8449012012902632,6.235949117920804,1200.0,False,0.1056190235984982,2.0,37.149965861633866,True,5.0,4.529665511502907,24.0,1,Center rod is modeled as not touching coffee. Do not let brass/copper contact the coffee directly.
928.160077303407,23.64832425985098,2.0,4.883807500983196,7.5,19.049999999999997,705.6800627629063,4.883807500983203,6.102068719428877,750.0,False,0.1096571565592323,2.0,38.68013596454623,True,5.0,4.716237923647518,20.0,1,Center rod is modeled as not touching coffee. Do not let brass/copper contact the coffee directly.
918.4004440321619,25.980825351417284,2.0,3.684663109194806,7.5,19.049999999999997,697.2730720302125,3.6846631091948105,6.102068719428877,1200.0,False,0.1096571565592323,2.0,38.68013596454623,False,5.0,4.716237923647518,20.0,0,
916.117918445639,26.637657471489398,2.0,3.4036198479038906,7.5,19.049999999999997,700.1695074584785,3.4036198479038826,6.102068719428877,1200.0,False,0.1096571565592323,2.0,38.68013596454623,True,5.0,4.716237923647518,20.0,1,Center rod is modeled as not touching coffee. Do not let brass/copper contact the coffee directly.
925.3927014305013,24.24503763595792,2.0,4.544201615848476,11.0,13.334999999999997,704.4157521142876,4.544201615848474,6.0174350305541635,750.0,False,0.11233345717906837,2.0,39.69426681033554,True,5.0,4.8398900834754,14.0,1,Center rod is modeled as not touching coffee. Do not let brass/copper contact the coffee directly.
916.1307447951576,26.63385132891997,2.0,3.405199768770515,11.0,13.334999999999997,696.2326646266217,3.4051997687705096,6.0174350305541635,1200.0,False,0.11233345717906837,2.0,39.69426681033554,False,5.0,4.8398900834754,14.0,0,
913.9743915204206,27.306458857461934,2.0,3.1394837606730515,11.0,13.334999999999997,699.186161520163,3.1394837606730404,6.0174350305541635,1200.0,False,0.11233345717906837,2.0,39.69426681033554,True,5.0,4.8398900834754,14.0,1,Center rod is modeled as not touching coffee. Do not let brass/copper contact the coffee directly.
927.8219338204033,23.718998272812865,2.0,4.842328829270044,6.0,24.764999999999997,701.5829181238877,4.842328829270062,5.972696066817285,750.0,False,0.1137889487019494,2.0,40.24579635010336,False,5.0,4.907137637461483,26.0,0,
923.9705159449451,24.56952336189721,2.0,4.369546988059443,6.0,24.764999999999997,703.7655345667889,4.3695469880594375,5.972696066817285,750.0,False,0.1137889487019494,2.0,40.24579635010336,True,5.0,4.907137637461483,26.0,1,Center rod is modeled as not touching coffee. Do not let brass/copper contact the coffee directly.
914.970328645369,26.988957794476157,2.0,3.262233167089506,6.0,24.764999999999997,695.700417675609,3.2622331670895237,5.972696066817285,1200.0,False,0.1137889487019494,2.0,40.24579635010336,False,5.0,4.907137637461483,26.0,0,
912.8800698197414,27.670143448345264,2.0,3.0045581519178888,6.0,24.764999999999997,698.6838501899105,3.0045581519179003,5.972696066817285,1200.0,False,0.1137889487019494,2.0,40.24579635010336,True,5.0,4.907137637461483,26.0,1,Center rod is modeled as not touching coffee. Do not let brass/copper contact the coffee directly.
923.9154802685839,24.582394074578346,2.0,4.362786466791946,9.0,17.145,699.7976413018738,4.36278646679196,5.853949981057689,750.0,False,0.11779585220773783,2.0,41.76413267271359,False,5.0,5.092267166274656,18.0,0,
920.3350178845262,25.46270362555804,2.0,3.922686179400704,9.0,17.145,702.1019271219038,3.922686179400712,5.853949981057689,750.0,False,0.11779585220773783,2.0,41.76413267271359,True,5.0,5.092267166274656,18.0,1,Center rod is modeled as not touching coffee. Do not let brass/copper contact the coffee directly.
912.0238176159979,27.9664200713762,2.0,2.8989487820267783,9.0,17.145,694.3479549044442,2.8989487820267748,5.853949981057689,1200.0,False,0.11779585220773783,2.0,41.76413267271359,False,5.0,5.092267166274656,18.0,0,
910.1066065197522,28.671216687243096,2.0,2.6623641739527986,9.0,17.145,697.4099043922242,2.6623641739528052,5.853949981057689,1200.0,False,0.11779585220773783,2.0,41.76413267271359,True,5.0,5.092267166274656,18.0,1,Center rod is modeled as not touching coffee. Do not let brass/copper contact the coffee directly.
922.0543908109111,25.028163134305935,2.0,4.134095628809325,7.5,20.954999999999995,698.9462536364779,4.1340956288093444,5.795037607868046,750.0,False,0.11986487997944713,2.0,42.548149561000855,False,5.0,5.18786171601227,22.0,0,
918.6076671344974,25.92384934254534,2.0,3.7101668744631486,7.5,20.954999999999995,701.310744071107,3.7101668744631344,5.795037607868046,750.0,False,0.11986487997944713,2.0,42.548149561000855,True,5.0,5.18786171601227,22.0,1,Center rod is modeled as not touching coffee. Do not let brass/copper contact the coffee directly.
910.6344649934053,28.47107774616396,2.0,2.727518357615011,7.5,20.954999999999995,693.7097406668194,2.7275183576150153,5.795037607868046,1200.0,False,0.11986487997944713,2.0,42.548149561000855,False,5.0,5.18786171601227,22.0,0,
